{"cameraMode":{"drawMode":0,"name":"Shaded","section":"Shading Mode"},"sceneLighting":true,"audioPlay":false,"sceneViewState":{"m_AlwaysRefresh":false,"showFog":true,"showSkybox":false,"showFlares":true,"showImageEffects":true,"showParticleSystems":true,"showVisualEffectGraphs":true,"m_FxEnabled":true},"in2DMode":false,"pivot":{"x":-1.6986896991729737,"y":-1.3904750347137452,"z":0.22382843494415284},"rotation":{"x":-0.17934583127498628,"y":0.7614285945892334,"z":-0.23704810440540315,"w":-0.5760817527770996},"size":9.675277709960938,"orthographic":false}